platform	dbGapId
AnVIL	phs000220
AnVIL	phs000298
AnVIL	phs000424
AnVIL	phs000693
AnVIL	phs000744
AnVIL	phs000925
AnVIL	phs000971
AnVIL	phs000979
AnVIL	phs000997
AnVIL	phs001033
AnVIL	phs001211
AnVIL	phs001222
AnVIL	phs001227
AnVIL	phs001259
AnVIL	phs001272
AnVIL	phs001300
AnVIL	phs001398
AnVIL	phs001487
AnVIL	phs001489
AnVIL	phs001579
AnVIL	phs001585
AnVIL	phs001592
AnVIL	phs001642
AnVIL	phs001676
AnVIL	phs001740
AnVIL	phs001741
AnVIL	phs001746
AnVIL	phs001766
AnVIL	phs001871
AnVIL	phs001880
AnVIL	phs001894
AnVIL	phs001913
AnVIL	phs001933
AnVIL	phs001963
AnVIL	phs002004
AnVIL	phs002018
AnVIL	phs002032
AnVIL	phs002041
AnVIL	phs002042
AnVIL	phs002043
AnVIL	phs002044
AnVIL	phs002111
AnVIL	phs002205
AnVIL	phs002206
AnVIL	phs002236
AnVIL	phs002307
AnVIL	phs002324
AnVIL	phs002337
AnVIL	phs002378
AnVIL	phs002502
AnVIL	phs002726
AnVIL	phs003018
AnVIL	phs003047
AnVIL	phs003181
AnVIL	phs003184
AnVIL	phs003193
AnVIL	phs003200
AnVIL	phs003224
AnVIL	phs003444
AnVIL	phs003472
AnVIL	phs003537
AnVIL	phs003821
AnVIL	phs004000
BDC	phs000007
BDC	phs000166
BDC	phs000179
BDC	phs000200
BDC	phs000204
BDC	phs000209
BDC	phs000221
BDC	phs000223
BDC	phs000244
BDC	phs000253
BDC	phs000279
BDC	phs000280
BDC	phs000284
BDC	phs000285
BDC	phs000286
BDC	phs000287
BDC	phs000289
BDC	phs000290
BDC	phs000291
BDC	phs000294
BDC	phs000296
BDC	phs000307
BDC	phs000349
BDC	phs000354
BDC	phs000362
BDC	phs000363
BDC	phs000366
BDC	phs000379
BDC	phs000398
BDC	phs000401
BDC	phs000402
BDC	phs000422
BDC	phs000438
BDC	phs000439
BDC	phs000442
BDC	phs000479
BDC	phs000481
BDC	phs000498
BDC	phs000499
BDC	phs000507
BDC	phs000518
BDC	phs000553
BDC	phs000555
BDC	phs000557
BDC	phs000571
BDC	phs000581
BDC	phs000587
BDC	phs000617
BDC	phs000631
BDC	phs000647
BDC	phs000651
BDC	phs000668
BDC	phs000703
BDC	phs000724
BDC	phs000758
BDC	phs000784
BDC	phs000806
BDC	phs000808
BDC	phs000810
BDC	phs000814
BDC	phs000820
BDC	phs000860
BDC	phs000873
BDC	phs000886
BDC	phs000902
BDC	phs000914
BDC	phs000917
BDC	phs000920
BDC	phs000921
BDC	phs000930
BDC	phs000936
BDC	phs000946
BDC	phs000951
BDC	phs000954
BDC	phs000956
BDC	phs000963
BDC	phs000964
BDC	phs000972
BDC	phs000974
BDC	phs000988
BDC	phs000990
BDC	phs000993
BDC	phs000997
BDC	phs000998
BDC	phs001001
BDC	phs001012
BDC	phs001013
BDC	phs001024
BDC	phs001032
BDC	phs001040
BDC	phs001058
BDC	phs001062
BDC	phs001069
BDC	phs001074
BDC	phs001098
BDC	phs001101
BDC	phs001143
BDC	phs001180
BDC	phs001189
BDC	phs001194
BDC	phs001207
BDC	phs001211
BDC	phs001212
BDC	phs001215
BDC	phs001217
BDC	phs001218
BDC	phs001237
BDC	phs001238
BDC	phs001252
BDC	phs001258
BDC	phs001293
BDC	phs001341
BDC	phs001345
BDC	phs001356
BDC	phs001359
BDC	phs001368
BDC	phs001387
BDC	phs001395
BDC	phs001402
BDC	phs001412
BDC	phs001416
BDC	phs001434
BDC	phs001435
BDC	phs001446
BDC	phs001466
BDC	phs001467
BDC	phs001468
BDC	phs001472
BDC	phs001514
BDC	phs001515
BDC	phs001536
BDC	phs001539
BDC	phs001542
BDC	phs001543
BDC	phs001544
BDC	phs001545
BDC	phs001546
BDC	phs001547
BDC	phs001569
BDC	phs001592
BDC	phs001598
BDC	phs001599
BDC	phs001600
BDC	phs001601
BDC	phs001602
BDC	phs001603
BDC	phs001604
BDC	phs001605
BDC	phs001606
BDC	phs001607
BDC	phs001608
BDC	phs001610
BDC	phs001612
BDC	phs001624
BDC	phs001644
BDC	phs001661
BDC	phs001662
BDC	phs001672
BDC	phs001679
BDC	phs001682
BDC	phs001725
BDC	phs001726
BDC	phs001727
BDC	phs001728
BDC	phs001729
BDC	phs001730
BDC	phs001732
BDC	phs001735
BDC	phs001759
BDC	phs001814
BDC	phs001843
BDC	phs001892
BDC	phs001927
BDC	phs001933
BDC	phs001961
BDC	phs001974
BDC	phs002256
BDC	phs002299
BDC	phs002348
BDC	phs002362
BDC	phs002363
BDC	phs002369
BDC	phs002383
BDC	phs002385
BDC	phs002386
BDC	phs002415
BDC	phs002558
BDC	phs002559
BDC	phs002560
BDC	phs002611
BDC	phs002694
BDC	phs002710
BDC	phs002715
BDC	phs002719
BDC	phs002752
BDC	phs002770
BDC	phs002808
BDC	phs002907
BDC	phs002908
BDC	phs002909
BDC	phs002910
BDC	phs002911
BDC	phs002913
BDC	phs002919
BDC	phs002975
BDC	phs002980
BDC	phs002988
BDC	phs003017
BDC	phs003028
BDC	phs003045
BDC	phs003063
BDC	phs003212
BDC	phs003231
BDC	phs003288
BDC	phs003419
BDC	phs003461
BDC	phs003463
BDC	phs003470
BDC	phs003483
BDC	phs003493
BDC	phs003506
BDC	phs003510
BDC	phs003524
BDC	phs003529
BDC	phs003533
BDC	phs003542
BDC	phs003543
BDC	phs003548
BDC	phs003551
BDC	phs003557
BDC	phs003562
BDC	phs003565
BDC	phs003566
BDC	phs003578
BDC	phs003589
BDC	phs003593
BDC	phs003594
BDC	phs003599
BDC	phs003621
BDC	phs003637
BDC	phs003639
BDC	phs003654
BDC	phs003665
BDC	phs003667
BDC	phs003668
BDC	phs003702
BDC	phs003703
BDC	phs003708
BDC	phs003714
BDC	phs003726
BDC	phs003730
BDC	phs003734
BDC	phs003736
BDC	phs003737
BDC	phs003738
BDC	phs003739
BDC	phs003740
BDC	phs003743
BDC	phs003744
BDC	phs003747
BDC	phs003768
BDC	phs003769
BDC	phs003777
BDC	phs003782
BDC	phs003783
BDC	phs003784
BDC	phs003791
CRDC	phs000463
CRDC	phs000464
CRDC	phs000465
CRDC	phs000466
CRDC	phs000467
CRDC	phs000468
CRDC	phs000470
CRDC	phs000471
CRDC	phs000527
CRDC	phs000528
CRDC	phs000529
CRDC	phs000530
CRDC	phs000748
CRDC	phs000892
CRDC	phs001179
CRDC	phs001184
CRDC	phs001239
CRDC	phs001287
CRDC	phs001374
CRDC	phs001611
CRDC	phs001628
CRDC	phs001648
CRDC	phs001657
CRDC	phs001709
CRDC	phs001799
CRDC	phs001801
CRDC	phs001859
CRDC	phs001888
CRDC	phs001904
CRDC	phs001926
CRDC	phs001931
CRDC	phs001939
CRDC	phs001948
CRDC	phs001965
CRDC	phs001973
CRDC	phs002005
CRDC	phs002028
CRDC	phs002029
CRDC	phs002058
CRDC	phs002151
CRDC	phs002152
CRDC	phs002153
CRDC	phs002177
CRDC	phs002178
CRDC	phs002179
CRDC	phs002180
CRDC	phs002181
CRDC	phs002247
CRDC	phs002790
CRDC	phs003011
CRDC	phs003488
dbGaP	phs000001
dbGaP	phs000006
dbGaP	phs000016
dbGaP	phs000017
dbGaP	phs000018
dbGaP	phs000019
dbGaP	phs000020
dbGaP	phs000021
dbGaP	phs000048
dbGaP	phs000049
dbGaP	phs000050
dbGaP	phs000086
dbGaP	phs000088
dbGaP	phs000089
dbGaP	phs000090
dbGaP	phs000091
dbGaP	phs000092
dbGaP	phs000093
dbGaP	phs000094
dbGaP	phs000095
dbGaP	phs000096
dbGaP	phs000100
dbGaP	phs000101
dbGaP	phs000102
dbGaP	phs000103
dbGaP	phs000122
dbGaP	phs000124
dbGaP	phs000125
dbGaP	phs000126
dbGaP	phs000127
dbGaP	phs000128
dbGaP	phs000130
dbGaP	phs000138
dbGaP	phs000139
dbGaP	phs000140
dbGaP	phs000142
dbGaP	phs000143
dbGaP	phs000144
dbGaP	phs000145
dbGaP	phs000147
dbGaP	phs000153
dbGaP	phs000159
dbGaP	phs000160
dbGaP	phs000167
dbGaP	phs000168
dbGaP	phs000169
dbGaP	phs000170
dbGaP	phs000171
dbGaP	phs000178
dbGaP	phs000180
dbGaP	phs000181
dbGaP	phs000182
dbGaP	phs000185
dbGaP	phs000187
dbGaP	phs000188
dbGaP	phs000196
dbGaP	phs000198
dbGaP	phs000199
dbGaP	phs000201
dbGaP	phs000202
dbGaP	phs000203
dbGaP	phs000205
dbGaP	phs000206
dbGaP	phs000207
dbGaP	phs000210
dbGaP	phs000211
dbGaP	phs000215
dbGaP	phs000216
dbGaP	phs000217
dbGaP	phs000218
dbGaP	phs000219
dbGaP	phs000222
dbGaP	phs000224
dbGaP	phs000225
dbGaP	phs000226
dbGaP	phs000227
dbGaP	phs000228
dbGaP	phs000233
dbGaP	phs000234
dbGaP	phs000235
dbGaP	phs000236
dbGaP	phs000237
dbGaP	phs000238
dbGaP	phs000239
dbGaP	phs000240
dbGaP	phs000245
dbGaP	phs000246
dbGaP	phs000247
dbGaP	phs000248
dbGaP	phs000249
dbGaP	phs000250
dbGaP	phs000251
dbGaP	phs000252
dbGaP	phs000254
dbGaP	phs000255
dbGaP	phs000256
dbGaP	phs000257
dbGaP	phs000258
dbGaP	phs000259
dbGaP	phs000260
dbGaP	phs000261
dbGaP	phs000262
dbGaP	phs000263
dbGaP	phs000264
dbGaP	phs000265
dbGaP	phs000266
dbGaP	phs000267
dbGaP	phs000268
dbGaP	phs000269
dbGaP	phs000272
dbGaP	phs000273
dbGaP	phs000274
dbGaP	phs000275
dbGaP	phs000276
dbGaP	phs000277
dbGaP	phs000281
dbGaP	phs000282
dbGaP	phs000283
dbGaP	phs000288
dbGaP	phs000292
dbGaP	phs000293
dbGaP	phs000295
dbGaP	phs000297
dbGaP	phs000299
dbGaP	phs000301
dbGaP	phs000302
dbGaP	phs000303
dbGaP	phs000304
dbGaP	phs000305
dbGaP	phs000306
dbGaP	phs000308
dbGaP	phs000309
dbGaP	phs000310
dbGaP	phs000311
dbGaP	phs000313
dbGaP	phs000314
dbGaP	phs000315
dbGaP	phs000327
dbGaP	phs000328
dbGaP	phs000329
dbGaP	phs000330
dbGaP	phs000331
dbGaP	phs000332
dbGaP	phs000333
dbGaP	phs000334
dbGaP	phs000335
dbGaP	phs000336
dbGaP	phs000337
dbGaP	phs000338
dbGaP	phs000339
dbGaP	phs000340
dbGaP	phs000341
dbGaP	phs000342
dbGaP	phs000343
dbGaP	phs000344
dbGaP	phs000345
dbGaP	phs000346
dbGaP	phs000347
dbGaP	phs000348
dbGaP	phs000350
dbGaP	phs000351
dbGaP	phs000352
dbGaP	phs000353
dbGaP	phs000355
dbGaP	phs000356
dbGaP	phs000357
dbGaP	phs000358
dbGaP	phs000359
dbGaP	phs000360
dbGaP	phs000361
dbGaP	phs000364
dbGaP	phs000365
dbGaP	phs000367
dbGaP	phs000368
dbGaP	phs000369
dbGaP	phs000370
dbGaP	phs000371
dbGaP	phs000372
dbGaP	phs000373
dbGaP	phs000374
dbGaP	phs000375
dbGaP	phs000376
dbGaP	phs000377
dbGaP	phs000378
dbGaP	phs000380
dbGaP	phs000381
dbGaP	phs000382
dbGaP	phs000383
dbGaP	phs000384
dbGaP	phs000385
dbGaP	phs000386
dbGaP	phs000387
dbGaP	phs000388
dbGaP	phs000389
dbGaP	phs000390
dbGaP	phs000391
dbGaP	phs000392
dbGaP	phs000393
dbGaP	phs000394
dbGaP	phs000395
dbGaP	phs000396
dbGaP	phs000397
dbGaP	phs000399
dbGaP	phs000400
dbGaP	phs000403
dbGaP	phs000404
dbGaP	phs000405
dbGaP	phs000406
dbGaP	phs000407
dbGaP	phs000408
dbGaP	phs000409
dbGaP	phs000410
dbGaP	phs000413
dbGaP	phs000414
dbGaP	phs000415
dbGaP	phs000416
dbGaP	phs000417
dbGaP	phs000418
dbGaP	phs000419
dbGaP	phs000420
dbGaP	phs000421
dbGaP	phs000423
dbGaP	phs000425
dbGaP	phs000426
dbGaP	phs000428
dbGaP	phs000429
dbGaP	phs000430
dbGaP	phs000431
dbGaP	phs000433
dbGaP	phs000434
dbGaP	phs000435
dbGaP	phs000436
dbGaP	phs000437
dbGaP	phs000440
dbGaP	phs000443
dbGaP	phs000444
dbGaP	phs000445
dbGaP	phs000447
dbGaP	phs000448
dbGaP	phs000449
dbGaP	phs000450
dbGaP	phs000451
dbGaP	phs000452
dbGaP	phs000454
dbGaP	phs000455
dbGaP	phs000456
dbGaP	phs000457
dbGaP	phs000458
dbGaP	phs000459
dbGaP	phs000460
dbGaP	phs000461
dbGaP	phs000462
dbGaP	phs000469
dbGaP	phs000472
dbGaP	phs000473
dbGaP	phs000474
dbGaP	phs000475
dbGaP	phs000476
dbGaP	phs000477
dbGaP	phs000478
dbGaP	phs000480
dbGaP	phs000482
dbGaP	phs000483
dbGaP	phs000484
dbGaP	phs000485
dbGaP	phs000486
dbGaP	phs000487
dbGaP	phs000488
dbGaP	phs000490
dbGaP	phs000491
dbGaP	phs000492
dbGaP	phs000493
dbGaP	phs000494
dbGaP	phs000495
dbGaP	phs000496
dbGaP	phs000497
dbGaP	phs000500
dbGaP	phs000502
dbGaP	phs000503
dbGaP	phs000504
dbGaP	phs000505
dbGaP	phs000506
dbGaP	phs000508
dbGaP	phs000509
dbGaP	phs000510
dbGaP	phs000511
dbGaP	phs000512
dbGaP	phs000513
dbGaP	phs000514
dbGaP	phs000516
dbGaP	phs000517
dbGaP	phs000519
dbGaP	phs000521
dbGaP	phs000522
dbGaP	phs000523
dbGaP	phs000524
dbGaP	phs000525
dbGaP	phs000531
dbGaP	phs000532
dbGaP	phs000535
dbGaP	phs000536
dbGaP	phs000537
dbGaP	phs000538
dbGaP	phs000539
dbGaP	phs000540
dbGaP	phs000541
dbGaP	phs000542
dbGaP	phs000543
dbGaP	phs000545
dbGaP	phs000546
dbGaP	phs000547
dbGaP	phs000548
dbGaP	phs000549
dbGaP	phs000550
dbGaP	phs000551
dbGaP	phs000552
dbGaP	phs000554
dbGaP	phs000556
dbGaP	phs000558
dbGaP	phs000559
dbGaP	phs000560
dbGaP	phs000561
dbGaP	phs000562
dbGaP	phs000563
dbGaP	phs000564
dbGaP	phs000565
dbGaP	phs000567
dbGaP	phs000568
dbGaP	phs000572
dbGaP	phs000573
dbGaP	phs000574
dbGaP	phs000575
dbGaP	phs000576
dbGaP	phs000577
dbGaP	phs000578
dbGaP	phs000579
dbGaP	phs000580
dbGaP	phs000582
dbGaP	phs000583
dbGaP	phs000584
dbGaP	phs000585
dbGaP	phs000586
dbGaP	phs000588
dbGaP	phs000589
dbGaP	phs000590
dbGaP	phs000592
dbGaP	phs000594
dbGaP	phs000595
dbGaP	phs000596
dbGaP	phs000597
dbGaP	phs000598
dbGaP	phs000600
dbGaP	phs000601
dbGaP	phs000602
dbGaP	phs000603
dbGaP	phs000604
dbGaP	phs000605
dbGaP	phs000606
dbGaP	phs000607
dbGaP	phs000608
dbGaP	phs000609
dbGaP	phs000610
dbGaP	phs000611
dbGaP	phs000612
dbGaP	phs000613
dbGaP	phs000614
dbGaP	phs000615
dbGaP	phs000616
dbGaP	phs000618
dbGaP	phs000619
dbGaP	phs000620
dbGaP	phs000621
dbGaP	phs000622
dbGaP	phs000623
dbGaP	phs000624
dbGaP	phs000625
dbGaP	phs000626
dbGaP	phs000627
dbGaP	phs000628
dbGaP	phs000629
dbGaP	phs000630
dbGaP	phs000632
dbGaP	phs000633
dbGaP	phs000634
dbGaP	phs000635
dbGaP	phs000636
dbGaP	phs000637
dbGaP	phs000638
dbGaP	phs000639
dbGaP	phs000641
dbGaP	phs000642
dbGaP	phs000643
dbGaP	phs000644
dbGaP	phs000645
dbGaP	phs000646
dbGaP	phs000648
dbGaP	phs000649
dbGaP	phs000650
dbGaP	phs000652
dbGaP	phs000653
dbGaP	phs000654
dbGaP	phs000655
dbGaP	phs000656
dbGaP	phs000657
dbGaP	phs000658
dbGaP	phs000659
dbGaP	phs000660
dbGaP	phs000661
dbGaP	phs000662
dbGaP	phs000663
dbGaP	phs000664
dbGaP	phs000665
dbGaP	phs000666
dbGaP	phs000667
dbGaP	phs000669
dbGaP	phs000670
dbGaP	phs000671
dbGaP	phs000672
dbGaP	phs000673
dbGaP	phs000674
dbGaP	phs000675
dbGaP	phs000676
dbGaP	phs000677
dbGaP	phs000678
dbGaP	phs000679
dbGaP	phs000681
dbGaP	phs000682
dbGaP	phs000683
dbGaP	phs000684
dbGaP	phs000685
dbGaP	phs000686
dbGaP	phs000687
dbGaP	phs000689
dbGaP	phs000690
dbGaP	phs000691
dbGaP	phs000692
dbGaP	phs000694
dbGaP	phs000695
dbGaP	phs000696
dbGaP	phs000697
dbGaP	phs000698
dbGaP	phs000699
dbGaP	phs000700
dbGaP	phs000701
dbGaP	phs000702
dbGaP	phs000704
dbGaP	phs000705
dbGaP	phs000706
dbGaP	phs000707
dbGaP	phs000708
dbGaP	phs000709
dbGaP	phs000710
dbGaP	phs000711
dbGaP	phs000712
dbGaP	phs000713
dbGaP	phs000714
dbGaP	phs000715
dbGaP	phs000716
dbGaP	phs000717
dbGaP	phs000718
dbGaP	phs000719
dbGaP	phs000720
dbGaP	phs000721
dbGaP	phs000722
dbGaP	phs000723
dbGaP	phs000725
dbGaP	phs000726
dbGaP	phs000727
dbGaP	phs000728
dbGaP	phs000729
dbGaP	phs000730
dbGaP	phs000731
dbGaP	phs000732
dbGaP	phs000733
dbGaP	phs000734
dbGaP	phs000735
dbGaP	phs000737
dbGaP	phs000738
dbGaP	phs000739
dbGaP	phs000740
dbGaP	phs000741
dbGaP	phs000742
dbGaP	phs000743
dbGaP	phs000745
dbGaP	phs000746
dbGaP	phs000747
dbGaP	phs000750
dbGaP	phs000751
dbGaP	phs000752
dbGaP	phs000753
dbGaP	phs000754
dbGaP	phs000755
dbGaP	phs000756
dbGaP	phs000757
dbGaP	phs000759
dbGaP	phs000760
dbGaP	phs000761
dbGaP	phs000762
dbGaP	phs000763
dbGaP	phs000765
dbGaP	phs000766
dbGaP	phs000767
dbGaP	phs000768
dbGaP	phs000769
dbGaP	phs000770
dbGaP	phs000771
dbGaP	phs000772
dbGaP	phs000773
dbGaP	phs000774
dbGaP	phs000775
dbGaP	phs000776
dbGaP	phs000777
dbGaP	phs000778
dbGaP	phs000779
dbGaP	phs000780
dbGaP	phs000781
dbGaP	phs000782
dbGaP	phs000783
dbGaP	phs000785
dbGaP	phs000786
dbGaP	phs000787
dbGaP	phs000788
dbGaP	phs000789
dbGaP	phs000790
dbGaP	phs000791
dbGaP	phs000792
dbGaP	phs000793
dbGaP	phs000794
dbGaP	phs000795
dbGaP	phs000796
dbGaP	phs000797
dbGaP	phs000798
dbGaP	phs000799
dbGaP	phs000801
dbGaP	phs000802
dbGaP	phs000803
dbGaP	phs000804
dbGaP	phs000807
dbGaP	phs000809
dbGaP	phs000811
dbGaP	phs000812
dbGaP	phs000813
dbGaP	phs000815
dbGaP	phs000816
dbGaP	phs000817
dbGaP	phs000818
dbGaP	phs000819
dbGaP	phs000821
dbGaP	phs000822
dbGaP	phs000823
dbGaP	phs000824
dbGaP	phs000825
dbGaP	phs000826
dbGaP	phs000827
dbGaP	phs000828
dbGaP	phs000829
dbGaP	phs000830
dbGaP	phs000831
dbGaP	phs000832
dbGaP	phs000833
dbGaP	phs000834
dbGaP	phs000835
dbGaP	phs000836
dbGaP	phs000837
dbGaP	phs000838
dbGaP	phs000839
dbGaP	phs000840
dbGaP	phs000841
dbGaP	phs000842
dbGaP	phs000843
dbGaP	phs000844
dbGaP	phs000845
dbGaP	phs000846
dbGaP	phs000847
dbGaP	phs000848
dbGaP	phs000849
dbGaP	phs000850
dbGaP	phs000851
dbGaP	phs000852
dbGaP	phs000853
dbGaP	phs000854
dbGaP	phs000855
dbGaP	phs000856
dbGaP	phs000857
dbGaP	phs000858
dbGaP	phs000859
dbGaP	phs000861
dbGaP	phs000862
dbGaP	phs000863
dbGaP	phs000864
dbGaP	phs000866
dbGaP	phs000867
dbGaP	phs000868
dbGaP	phs000869
dbGaP	phs000870
dbGaP	phs000871
dbGaP	phs000872
dbGaP	phs000874
dbGaP	phs000876
dbGaP	phs000877
dbGaP	phs000878
dbGaP	phs000879
dbGaP	phs000880
dbGaP	phs000881
dbGaP	phs000882
dbGaP	phs000883
dbGaP	phs000884
dbGaP	phs000885
dbGaP	phs000888
dbGaP	phs000889
dbGaP	phs000890
dbGaP	phs000891
dbGaP	phs000893
dbGaP	phs000894
dbGaP	phs000895
dbGaP	phs000896
dbGaP	phs000897
dbGaP	phs000898
dbGaP	phs000899
dbGaP	phs000900
dbGaP	phs000901
dbGaP	phs000903
dbGaP	phs000904
dbGaP	phs000906
dbGaP	phs000907
dbGaP	phs000908
dbGaP	phs000909
dbGaP	phs000910
dbGaP	phs000911
dbGaP	phs000912
dbGaP	phs000913
dbGaP	phs000915
dbGaP	phs000916
dbGaP	phs000918
dbGaP	phs000919
dbGaP	phs000922
dbGaP	phs000923
dbGaP	phs000924
dbGaP	phs000926
dbGaP	phs000927
dbGaP	phs000928
dbGaP	phs000929
dbGaP	phs000931
dbGaP	phs000932
dbGaP	phs000933
dbGaP	phs000934
dbGaP	phs000935
dbGaP	phs000937
dbGaP	phs000938
dbGaP	phs000939
dbGaP	phs000941
dbGaP	phs000942
dbGaP	phs000944
dbGaP	phs000945
dbGaP	phs000947
dbGaP	phs000948
dbGaP	phs000949
dbGaP	phs000950
dbGaP	phs000952
dbGaP	phs000953
dbGaP	phs000955
dbGaP	phs000957
dbGaP	phs000958
dbGaP	phs000959
dbGaP	phs000960
dbGaP	phs000961
dbGaP	phs000962
dbGaP	phs000965
dbGaP	phs000966
dbGaP	phs000967
dbGaP	phs000968
dbGaP	phs000969
dbGaP	phs000970
dbGaP	phs000973
dbGaP	phs000975
dbGaP	phs000976
dbGaP	phs000977
dbGaP	phs000978
dbGaP	phs000980
dbGaP	phs000981
dbGaP	phs000982
dbGaP	phs000983
dbGaP	phs000984
dbGaP	phs000985
dbGaP	phs000986
dbGaP	phs000987
dbGaP	phs000989
dbGaP	phs000991
dbGaP	phs000992
dbGaP	phs000994
dbGaP	phs000996
dbGaP	phs000999
dbGaP	phs001000
dbGaP	phs001002
dbGaP	phs001003
dbGaP	phs001004
dbGaP	phs001005
dbGaP	phs001006
dbGaP	phs001007
dbGaP	phs001008
dbGaP	phs001009
dbGaP	phs001010
dbGaP	phs001011
dbGaP	phs001014
dbGaP	phs001015
dbGaP	phs001016
dbGaP	phs001017
dbGaP	phs001018
dbGaP	phs001020
dbGaP	phs001021
dbGaP	phs001022
dbGaP	phs001023
dbGaP	phs001025
dbGaP	phs001026
dbGaP	phs001027
dbGaP	phs001028
dbGaP	phs001029
dbGaP	phs001030
dbGaP	phs001031
dbGaP	phs001034
dbGaP	phs001036
dbGaP	phs001038
dbGaP	phs001039
dbGaP	phs001041
dbGaP	phs001043
dbGaP	phs001044
dbGaP	phs001045
dbGaP	phs001046
dbGaP	phs001048
dbGaP	phs001049
dbGaP	phs001050
dbGaP	phs001052
dbGaP	phs001053
dbGaP	phs001054
dbGaP	phs001055
dbGaP	phs001056
dbGaP	phs001057
dbGaP	phs001059
dbGaP	phs001060
dbGaP	phs001061
dbGaP	phs001063
dbGaP	phs001064
dbGaP	phs001065
dbGaP	phs001066
dbGaP	phs001067
dbGaP	phs001071
dbGaP	phs001072
dbGaP	phs001073
dbGaP	phs001075
dbGaP	phs001076
dbGaP	phs001077
dbGaP	phs001078
dbGaP	phs001079
dbGaP	phs001080
dbGaP	phs001081
dbGaP	phs001082
dbGaP	phs001083
dbGaP	phs001084
dbGaP	phs001085
dbGaP	phs001087
dbGaP	phs001088
dbGaP	phs001089
dbGaP	phs001090
dbGaP	phs001091
dbGaP	phs001092
dbGaP	phs001093
dbGaP	phs001094
dbGaP	phs001095
dbGaP	phs001096
dbGaP	phs001097
dbGaP	phs001099
dbGaP	phs001100
dbGaP	phs001102
dbGaP	phs001103
dbGaP	phs001104
dbGaP	phs001105
dbGaP	phs001106
dbGaP	phs001107
dbGaP	phs001108
dbGaP	phs001109
dbGaP	phs001111
dbGaP	phs001112
dbGaP	phs001113
dbGaP	phs001114
dbGaP	phs001115
dbGaP	phs001116
dbGaP	phs001117
dbGaP	phs001118
dbGaP	phs001119
dbGaP	phs001120
dbGaP	phs001121
dbGaP	phs001122
dbGaP	phs001123
dbGaP	phs001124
dbGaP	phs001125
dbGaP	phs001126
dbGaP	phs001127
dbGaP	phs001128
dbGaP	phs001129
dbGaP	phs001130
dbGaP	phs001131
dbGaP	phs001132
dbGaP	phs001133
dbGaP	phs001134
dbGaP	phs001135
dbGaP	phs001139
dbGaP	phs001140
dbGaP	phs001141
dbGaP	phs001142
dbGaP	phs001145
dbGaP	phs001146
dbGaP	phs001150
dbGaP	phs001151
dbGaP	phs001152
dbGaP	phs001153
dbGaP	phs001154
dbGaP	phs001156
dbGaP	phs001157
dbGaP	phs001158
dbGaP	phs001159
dbGaP	phs001163
dbGaP	phs001164
dbGaP	phs001165
dbGaP	phs001166
dbGaP	phs001167
dbGaP	phs001169
dbGaP	phs001170
dbGaP	phs001171
dbGaP	phs001172
dbGaP	phs001173
dbGaP	phs001174
dbGaP	phs001175
dbGaP	phs001176
dbGaP	phs001177
dbGaP	phs001181
dbGaP	phs001182
dbGaP	phs001183
dbGaP	phs001185
dbGaP	phs001187
dbGaP	phs001188
dbGaP	phs001190
dbGaP	phs001191
dbGaP	phs001192
dbGaP	phs001193
dbGaP	phs001195
dbGaP	phs001196
dbGaP	phs001197
dbGaP	phs001198
dbGaP	phs001199
dbGaP	phs001200
dbGaP	phs001201
dbGaP	phs001202
dbGaP	phs001203
dbGaP	phs001204
dbGaP	phs001205
dbGaP	phs001206
dbGaP	phs001208
dbGaP	phs001209
dbGaP	phs001210
dbGaP	phs001213
dbGaP	phs001214
dbGaP	phs001216
dbGaP	phs001219
dbGaP	phs001220
dbGaP	phs001221
dbGaP	phs001223
dbGaP	phs001224
dbGaP	phs001226
dbGaP	phs001229
dbGaP	phs001230
dbGaP	phs001231
dbGaP	phs001232
dbGaP	phs001233
dbGaP	phs001234
dbGaP	phs001235
dbGaP	phs001236
dbGaP	phs001241
dbGaP	phs001242
dbGaP	phs001243
dbGaP	phs001244
dbGaP	phs001245
dbGaP	phs001246
dbGaP	phs001248
dbGaP	phs001249
dbGaP	phs001250
dbGaP	phs001251
dbGaP	phs001253
dbGaP	phs001255
dbGaP	phs001256
dbGaP	phs001257
dbGaP	phs001260
dbGaP	phs001261
dbGaP	phs001262
dbGaP	phs001263
dbGaP	phs001264
dbGaP	phs001265
dbGaP	phs001266
dbGaP	phs001267
dbGaP	phs001268
dbGaP	phs001269
dbGaP	phs001270
dbGaP	phs001271
dbGaP	phs001273
dbGaP	phs001274
dbGaP	phs001275
dbGaP	phs001276
dbGaP	phs001277
dbGaP	phs001278
dbGaP	phs001279
dbGaP	phs001280
dbGaP	phs001281
dbGaP	phs001282
dbGaP	phs001284
dbGaP	phs001285
dbGaP	phs001286
dbGaP	phs001288
dbGaP	phs001289
dbGaP	phs001290
dbGaP	phs001291
dbGaP	phs001292
dbGaP	phs001295
dbGaP	phs001296
dbGaP	phs001297
dbGaP	phs001298
dbGaP	phs001299
dbGaP	phs001301
dbGaP	phs001302
dbGaP	phs001303
dbGaP	phs001304
dbGaP	phs001305
dbGaP	phs001306
dbGaP	phs001307
dbGaP	phs001309
dbGaP	phs001310
dbGaP	phs001311
dbGaP	phs001312
dbGaP	phs001313
dbGaP	phs001314
dbGaP	phs001315
dbGaP	phs001316
dbGaP	phs001317
dbGaP	phs001318
dbGaP	phs001319
dbGaP	phs001320
dbGaP	phs001321
dbGaP	phs001322
dbGaP	phs001323
dbGaP	phs001325
dbGaP	phs001326
dbGaP	phs001327
dbGaP	phs001328
dbGaP	phs001329
dbGaP	phs001330
dbGaP	phs001331
dbGaP	phs001332
dbGaP	phs001333
dbGaP	phs001334
dbGaP	phs001335
dbGaP	phs001336
dbGaP	phs001337
dbGaP	phs001338
dbGaP	phs001339
dbGaP	phs001340
dbGaP	phs001342
dbGaP	phs001343
dbGaP	phs001344
dbGaP	phs001346
dbGaP	phs001347
dbGaP	phs001348
dbGaP	phs001349
dbGaP	phs001350
dbGaP	phs001351
dbGaP	phs001352
dbGaP	phs001353
dbGaP	phs001354
dbGaP	phs001357
dbGaP	phs001358
dbGaP	phs001360
dbGaP	phs001361
dbGaP	phs001362
dbGaP	phs001363
dbGaP	phs001364
dbGaP	phs001365
dbGaP	phs001366
dbGaP	phs001367
dbGaP	phs001369
dbGaP	phs001370
dbGaP	phs001371
dbGaP	phs001372
dbGaP	phs001373
dbGaP	phs001375
dbGaP	phs001376
dbGaP	phs001377
dbGaP	phs001378
dbGaP	phs001379
dbGaP	phs001380
dbGaP	phs001381
dbGaP	phs001382
dbGaP	phs001383
dbGaP	phs001384
dbGaP	phs001385
dbGaP	phs001386
dbGaP	phs001388
dbGaP	phs001389
dbGaP	phs001391
dbGaP	phs001392
dbGaP	phs001394
dbGaP	phs001396
dbGaP	phs001397
dbGaP	phs001399
dbGaP	phs001400
dbGaP	phs001401
dbGaP	phs001403
dbGaP	phs001404
dbGaP	phs001405
dbGaP	phs001406
dbGaP	phs001407
dbGaP	phs001408
dbGaP	phs001409
dbGaP	phs001411
dbGaP	phs001413
dbGaP	phs001414
dbGaP	phs001415
dbGaP	phs001417
dbGaP	phs001418
dbGaP	phs001419
dbGaP	phs001421
dbGaP	phs001422
dbGaP	phs001423
dbGaP	phs001424
dbGaP	phs001425
dbGaP	phs001426
dbGaP	phs001427
dbGaP	phs001428
dbGaP	phs001430
dbGaP	phs001431
dbGaP	phs001432
dbGaP	phs001433
dbGaP	phs001437
dbGaP	phs001438
dbGaP	phs001439
dbGaP	phs001440
dbGaP	phs001441
dbGaP	phs001442
dbGaP	phs001444
dbGaP	phs001447
dbGaP	phs001448
dbGaP	phs001450
dbGaP	phs001451
dbGaP	phs001454
dbGaP	phs001455
dbGaP	phs001457
dbGaP	phs001458
dbGaP	phs001459
dbGaP	phs001460
dbGaP	phs001461
dbGaP	phs001462
dbGaP	phs001463
dbGaP	phs001464
dbGaP	phs001465
dbGaP	phs001469
dbGaP	phs001470
dbGaP	phs001471
dbGaP	phs001473
dbGaP	phs001474
dbGaP	phs001476
dbGaP	phs001478
dbGaP	phs001479
dbGaP	phs001480
dbGaP	phs001481
dbGaP	phs001482
dbGaP	phs001483
dbGaP	phs001484
dbGaP	phs001485
dbGaP	phs001486
dbGaP	phs001488
dbGaP	phs001490
dbGaP	phs001491
dbGaP	phs001492
dbGaP	phs001493
dbGaP	phs001494
dbGaP	phs001495
dbGaP	phs001496
dbGaP	phs001497
dbGaP	phs001498
dbGaP	phs001499
dbGaP	phs001500
dbGaP	phs001501
dbGaP	phs001502
dbGaP	phs001503
dbGaP	phs001504
dbGaP	phs001505
dbGaP	phs001507
dbGaP	phs001508
dbGaP	phs001510
dbGaP	phs001511
dbGaP	phs001512
dbGaP	phs001513
dbGaP	phs001516
dbGaP	phs001517
dbGaP	phs001518
dbGaP	phs001519
dbGaP	phs001520
dbGaP	phs001521
dbGaP	phs001522
dbGaP	phs001523
dbGaP	phs001524
dbGaP	phs001525
dbGaP	phs001526
dbGaP	phs001527
dbGaP	phs001528
dbGaP	phs001529
dbGaP	phs001531
dbGaP	phs001532
dbGaP	phs001534
dbGaP	phs001535
dbGaP	phs001538
dbGaP	phs001541
dbGaP	phs001548
dbGaP	phs001549
dbGaP	phs001550
dbGaP	phs001551
dbGaP	phs001552
dbGaP	phs001553
dbGaP	phs001554
dbGaP	phs001555
dbGaP	phs001556
dbGaP	phs001557
dbGaP	phs001558
dbGaP	phs001559
dbGaP	phs001560
dbGaP	phs001561
dbGaP	phs001563
dbGaP	phs001564
dbGaP	phs001565
dbGaP	phs001566
dbGaP	phs001568
dbGaP	phs001570
dbGaP	phs001571
dbGaP	phs001572
dbGaP	phs001573
dbGaP	phs001575
dbGaP	phs001576
dbGaP	phs001577
dbGaP	phs001578
dbGaP	phs001580
dbGaP	phs001581
dbGaP	phs001584
dbGaP	phs001586
dbGaP	phs001587
dbGaP	phs001588
dbGaP	phs001589
dbGaP	phs001590
dbGaP	phs001591
dbGaP	phs001593
dbGaP	phs001594
dbGaP	phs001595
dbGaP	phs001596
dbGaP	phs001597
dbGaP	phs001609
dbGaP	phs001614
dbGaP	phs001615
dbGaP	phs001616
dbGaP	phs001617
dbGaP	phs001618
dbGaP	phs001619
dbGaP	phs001620
dbGaP	phs001621
dbGaP	phs001623
dbGaP	phs001625
dbGaP	phs001626
dbGaP	phs001627
dbGaP	phs001629
dbGaP	phs001630
dbGaP	phs001631
dbGaP	phs001632
dbGaP	phs001634
dbGaP	phs001635
dbGaP	phs001636
dbGaP	phs001637
dbGaP	phs001638
dbGaP	phs001639
dbGaP	phs001640
dbGaP	phs001641
dbGaP	phs001643
dbGaP	phs001645
dbGaP	phs001646
dbGaP	phs001647
dbGaP	phs001649
dbGaP	phs001650
dbGaP	phs001651
dbGaP	phs001652
dbGaP	phs001653
dbGaP	phs001654
dbGaP	phs001655
dbGaP	phs001658
dbGaP	phs001659
dbGaP	phs001660
dbGaP	phs001663
dbGaP	phs001664
dbGaP	phs001665
dbGaP	phs001666
dbGaP	phs001667
dbGaP	phs001669
dbGaP	phs001670
dbGaP	phs001671
dbGaP	phs001673
dbGaP	phs001674
dbGaP	phs001675
dbGaP	phs001677
dbGaP	phs001678
dbGaP	phs001680
dbGaP	phs001681
dbGaP	phs001684
dbGaP	phs001685
dbGaP	phs001686
dbGaP	phs001687
dbGaP	phs001688
dbGaP	phs001689
dbGaP	phs001690
dbGaP	phs001691
dbGaP	phs001692
dbGaP	phs001693
dbGaP	phs001694
dbGaP	phs001695
dbGaP	phs001696
dbGaP	phs001697
dbGaP	phs001698
dbGaP	phs001699
dbGaP	phs001700
dbGaP	phs001701
dbGaP	phs001702
dbGaP	phs001703
dbGaP	phs001704
dbGaP	phs001705
dbGaP	phs001706
dbGaP	phs001707
dbGaP	phs001710
dbGaP	phs001711
dbGaP	phs001712
dbGaP	phs001713
dbGaP	phs001715
dbGaP	phs001717
dbGaP	phs001718
dbGaP	phs001719
dbGaP	phs001720
dbGaP	phs001721
dbGaP	phs001722
dbGaP	phs001723
dbGaP	phs001724
dbGaP	phs001733
dbGaP	phs001734
dbGaP	phs001736
dbGaP	phs001737
dbGaP	phs001739
dbGaP	phs001742
dbGaP	phs001743
dbGaP	phs001744
dbGaP	phs001745
dbGaP	phs001747
dbGaP	phs001748
dbGaP	phs001749
dbGaP	phs001750
dbGaP	phs001751
dbGaP	phs001752
dbGaP	phs001753
dbGaP	phs001754
dbGaP	phs001757
dbGaP	phs001758
dbGaP	phs001761
dbGaP	phs001765
dbGaP	phs001767
dbGaP	phs001768
dbGaP	phs001769
dbGaP	phs001770
dbGaP	phs001771
dbGaP	phs001772
dbGaP	phs001773
dbGaP	phs001774
dbGaP	phs001775
dbGaP	phs001776
dbGaP	phs001777
dbGaP	phs001778
dbGaP	phs001779
dbGaP	phs001780
dbGaP	phs001781
dbGaP	phs001782
dbGaP	phs001783
dbGaP	phs001784
dbGaP	phs001786
dbGaP	phs001787
dbGaP	phs001788
dbGaP	phs001790
dbGaP	phs001791
dbGaP	phs001792
dbGaP	phs001793
dbGaP	phs001794
dbGaP	phs001795
dbGaP	phs001796
dbGaP	phs001797
dbGaP	phs001798
dbGaP	phs001800
dbGaP	phs001802
dbGaP	phs001803
dbGaP	phs001804
dbGaP	phs001805
dbGaP	phs001807
dbGaP	phs001808
dbGaP	phs001809
dbGaP	phs001810
dbGaP	phs001811
dbGaP	phs001812
dbGaP	phs001813
dbGaP	phs001815
dbGaP	phs001816
dbGaP	phs001817
dbGaP	phs001818
dbGaP	phs001819
dbGaP	phs001820
dbGaP	phs001821
dbGaP	phs001822
dbGaP	phs001823
dbGaP	phs001824
dbGaP	phs001825
dbGaP	phs001826
dbGaP	phs001828
dbGaP	phs001829
dbGaP	phs001830
dbGaP	phs001831
dbGaP	phs001833
dbGaP	phs001834
dbGaP	phs001835
dbGaP	phs001836
dbGaP	phs001837
dbGaP	phs001839
dbGaP	phs001840
dbGaP	phs001841
dbGaP	phs001842
dbGaP	phs001844
dbGaP	phs001845
dbGaP	phs001847
dbGaP	phs001848
dbGaP	phs001849
dbGaP	phs001850
dbGaP	phs001851
dbGaP	phs001852
dbGaP	phs001853
dbGaP	phs001854
dbGaP	phs001855
dbGaP	phs001856
dbGaP	phs001857
dbGaP	phs001858
dbGaP	phs001860
dbGaP	phs001861
dbGaP	phs001862
dbGaP	phs001863
dbGaP	phs001864
dbGaP	phs001865
dbGaP	phs001866
dbGaP	phs001867
dbGaP	phs001868
dbGaP	phs001869
dbGaP	phs001870
dbGaP	phs001872
dbGaP	phs001874
dbGaP	phs001875
dbGaP	phs001876
dbGaP	phs001877
dbGaP	phs001878
dbGaP	phs001879
dbGaP	phs001881
dbGaP	phs001882
dbGaP	phs001883
dbGaP	phs001884
dbGaP	phs001885
dbGaP	phs001886
dbGaP	phs001887
dbGaP	phs001889
dbGaP	phs001890
dbGaP	phs001891
dbGaP	phs001895
dbGaP	phs001896
dbGaP	phs001897
dbGaP	phs001898
dbGaP	phs001899
dbGaP	phs001900
dbGaP	phs001901
dbGaP	phs001902
dbGaP	phs001903
dbGaP	phs001905
dbGaP	phs001906
dbGaP	phs001907
dbGaP	phs001908
dbGaP	phs001909
dbGaP	phs001910
dbGaP	phs001911
dbGaP	phs001912
dbGaP	phs001914
dbGaP	phs001916
dbGaP	phs001917
dbGaP	phs001918
dbGaP	phs001919
dbGaP	phs001920
dbGaP	phs001921
dbGaP	phs001922
dbGaP	phs001924
dbGaP	phs001925
dbGaP	phs001928
dbGaP	phs001929
dbGaP	phs001930
dbGaP	phs001932
dbGaP	phs001934
dbGaP	phs001935
dbGaP	phs001936
dbGaP	phs001937
dbGaP	phs001938
dbGaP	phs001940
dbGaP	phs001941
dbGaP	phs001942
dbGaP	phs001943
dbGaP	phs001944
dbGaP	phs001945
dbGaP	phs001946
dbGaP	phs001947
dbGaP	phs001949
dbGaP	phs001951
dbGaP	phs001952
dbGaP	phs001953
dbGaP	phs001954
dbGaP	phs001955
dbGaP	phs001956
dbGaP	phs001957
dbGaP	phs001958
dbGaP	phs001959
dbGaP	phs001960
dbGaP	phs001962
dbGaP	phs001964
dbGaP	phs001966
dbGaP	phs001967
dbGaP	phs001968
dbGaP	phs001969
dbGaP	phs001970
dbGaP	phs001971
dbGaP	phs001972
dbGaP	phs001975
dbGaP	phs001976
dbGaP	phs001977
dbGaP	phs001978
dbGaP	phs001979
dbGaP	phs001980
dbGaP	phs001981
dbGaP	phs001982
dbGaP	phs001983
dbGaP	phs001984
dbGaP	phs001988
dbGaP	phs001990
dbGaP	phs001992
dbGaP	phs001993
dbGaP	phs001994
dbGaP	phs001995
dbGaP	phs001998
dbGaP	phs001999
dbGaP	phs002000
dbGaP	phs002001
dbGaP	phs002002
dbGaP	phs002003
dbGaP	phs002006
dbGaP	phs002007
dbGaP	phs002008
dbGaP	phs002009
dbGaP	phs002010
dbGaP	phs002011
dbGaP	phs002012
dbGaP	phs002014
dbGaP	phs002015
dbGaP	phs002016
dbGaP	phs002017
dbGaP	phs002019
dbGaP	phs002020
dbGaP	phs002021
dbGaP	phs002022
dbGaP	phs002023
dbGaP	phs002024
dbGaP	phs002025
dbGaP	phs002027
dbGaP	phs002030
dbGaP	phs002031
dbGaP	phs002033
dbGaP	phs002034
dbGaP	phs002035
dbGaP	phs002036
dbGaP	phs002037
dbGaP	phs002038
dbGaP	phs002039
dbGaP	phs002040
dbGaP	phs002045
dbGaP	phs002046
dbGaP	phs002047
dbGaP	phs002048
dbGaP	phs002049
dbGaP	phs002050
dbGaP	phs002051
dbGaP	phs002052
dbGaP	phs002053
dbGaP	phs002054
dbGaP	phs002055
dbGaP	phs002056
dbGaP	phs002057
dbGaP	phs002059
dbGaP	phs002060
dbGaP	phs002061
dbGaP	phs002062
dbGaP	phs002063
dbGaP	phs002064
dbGaP	phs002065
dbGaP	phs002066
dbGaP	phs002067
dbGaP	phs002068
dbGaP	phs002069
dbGaP	phs002070
dbGaP	phs002071
dbGaP	phs002073
dbGaP	phs002074
dbGaP	phs002075
dbGaP	phs002083
dbGaP	phs002088
dbGaP	phs002089
dbGaP	phs002093
dbGaP	phs002094
dbGaP	phs002095
dbGaP	phs002097
dbGaP	phs002098
dbGaP	phs002099
dbGaP	phs002102
dbGaP	phs002105
dbGaP	phs002106
dbGaP	phs002110
dbGaP	phs002116
dbGaP	phs002120
dbGaP	phs002121
dbGaP	phs002123
dbGaP	phs002128
dbGaP	phs002139
dbGaP	phs002140
dbGaP	phs002143
dbGaP	phs002146
dbGaP	phs002156
dbGaP	phs002164
dbGaP	phs002170
dbGaP	phs002171
dbGaP	phs002175
dbGaP	phs002176
dbGaP	phs002182
dbGaP	phs002183
dbGaP	phs002184
dbGaP	phs002185
dbGaP	phs002188
dbGaP	phs002189
dbGaP	phs002192
dbGaP	phs002193
dbGaP	phs002196
dbGaP	phs002197
dbGaP	phs002199
dbGaP	phs002202
dbGaP	phs002203
dbGaP	phs002204
dbGaP	phs002207
dbGaP	phs002208
dbGaP	phs002210
dbGaP	phs002211
dbGaP	phs002212
dbGaP	phs002213
dbGaP	phs002217
dbGaP	phs002219
dbGaP	phs002220
dbGaP	phs002221
dbGaP	phs002222
dbGaP	phs002223
dbGaP	phs002224
dbGaP	phs002225
dbGaP	phs002226
dbGaP	phs002227
dbGaP	phs002228
dbGaP	phs002229
dbGaP	phs002230
dbGaP	phs002231
dbGaP	phs002232
dbGaP	phs002234
dbGaP	phs002235
dbGaP	phs002237
dbGaP	phs002238
dbGaP	phs002240
dbGaP	phs002242
dbGaP	phs002243
dbGaP	phs002244
dbGaP	phs002245
dbGaP	phs002249
dbGaP	phs002250
dbGaP	phs002252
dbGaP	phs002253
dbGaP	phs002254
dbGaP	phs002255
dbGaP	phs002258
dbGaP	phs002259
dbGaP	phs002260
dbGaP	phs002262
dbGaP	phs002267
dbGaP	phs002268
dbGaP	phs002269
dbGaP	phs002270
dbGaP	phs002272
dbGaP	phs002273
dbGaP	phs002279
dbGaP	phs002280
dbGaP	phs002282
dbGaP	phs002283
dbGaP	phs002284
dbGaP	phs002286
dbGaP	phs002287
dbGaP	phs002288
dbGaP	phs002289
dbGaP	phs002290
dbGaP	phs002291
dbGaP	phs002292
dbGaP	phs002293
dbGaP	phs002294
dbGaP	phs002295
dbGaP	phs002296
dbGaP	phs002297
dbGaP	phs002298
dbGaP	phs002300
dbGaP	phs002301
dbGaP	phs002303
dbGaP	phs002304
dbGaP	phs002305
dbGaP	phs002308
dbGaP	phs002309
dbGaP	phs002310
dbGaP	phs002311
dbGaP	phs002313
dbGaP	phs002315
dbGaP	phs002316
dbGaP	phs002317
dbGaP	phs002319
dbGaP	phs002321
dbGaP	phs002323
dbGaP	phs002325
dbGaP	phs002327
dbGaP	phs002328
dbGaP	phs002329
dbGaP	phs002331
dbGaP	phs002333
dbGaP	phs002334
dbGaP	phs002335
dbGaP	phs002336
dbGaP	phs002338
dbGaP	phs002340
dbGaP	phs002341
dbGaP	phs002342
dbGaP	phs002343
dbGaP	phs002344
dbGaP	phs002346
dbGaP	phs002347
dbGaP	phs002357
dbGaP	phs002359
dbGaP	phs002361
dbGaP	phs002364
dbGaP	phs002365
dbGaP	phs002366
dbGaP	phs002367
dbGaP	phs002368
dbGaP	phs002371
dbGaP	phs002372
dbGaP	phs002373
dbGaP	phs002377
dbGaP	phs002380
dbGaP	phs002387
dbGaP	phs002388
dbGaP	phs002389
dbGaP	phs002391
dbGaP	phs002392
dbGaP	phs002393
dbGaP	phs002394
dbGaP	phs002395
dbGaP	phs002396
dbGaP	phs002397
dbGaP	phs002398
dbGaP	phs002399
dbGaP	phs002400
dbGaP	phs002401
dbGaP	phs002405
dbGaP	phs002406
dbGaP	phs002407
dbGaP	phs002408
dbGaP	phs002409
dbGaP	phs002410
dbGaP	phs002411
dbGaP	phs002414
dbGaP	phs002416
dbGaP	phs002417
dbGaP	phs002419
dbGaP	phs002421
dbGaP	phs002422
dbGaP	phs002423
dbGaP	phs002424
dbGaP	phs002428
dbGaP	phs002429
dbGaP	phs002430
dbGaP	phs002431
dbGaP	phs002432
dbGaP	phs002433
dbGaP	phs002434
dbGaP	phs002435
dbGaP	phs002436
dbGaP	phs002437
dbGaP	phs002439
dbGaP	phs002440
dbGaP	phs002441
dbGaP	phs002442
dbGaP	phs002443
dbGaP	phs002444
dbGaP	phs002445
dbGaP	phs002446
dbGaP	phs002447
dbGaP	phs002448
dbGaP	phs002449
dbGaP	phs002450
dbGaP	phs002453
dbGaP	phs002454
dbGaP	phs002455
dbGaP	phs002456
dbGaP	phs002457
dbGaP	phs002458
dbGaP	phs002460
dbGaP	phs002461
dbGaP	phs002462
dbGaP	phs002463
dbGaP	phs002464
dbGaP	phs002465
dbGaP	phs002467
dbGaP	phs002468
dbGaP	phs002470
dbGaP	phs002471
dbGaP	phs002472
dbGaP	phs002476
dbGaP	phs002478
dbGaP	phs002479
dbGaP	phs002480
dbGaP	phs002481
dbGaP	phs002482
dbGaP	phs002484
dbGaP	phs002486
dbGaP	phs002487
dbGaP	phs002489
dbGaP	phs002490
dbGaP	phs002492
dbGaP	phs002493
dbGaP	phs002495
dbGaP	phs002496
dbGaP	phs002498
dbGaP	phs002499
dbGaP	phs002501
dbGaP	phs002503
dbGaP	phs002504
dbGaP	phs002505
dbGaP	phs002506
dbGaP	phs002507
dbGaP	phs002508
dbGaP	phs002509
dbGaP	phs002510
dbGaP	phs002511
dbGaP	phs002512
dbGaP	phs002513
dbGaP	phs002514
dbGaP	phs002515
dbGaP	phs002516
dbGaP	phs002518
dbGaP	phs002519
dbGaP	phs002520
dbGaP	phs002521
dbGaP	phs002522
dbGaP	phs002523
dbGaP	phs002524
dbGaP	phs002525
dbGaP	phs002526
dbGaP	phs002527
dbGaP	phs002528
dbGaP	phs002529
dbGaP	phs002533
dbGaP	phs002534
dbGaP	phs002535
dbGaP	phs002537
dbGaP	phs002538
dbGaP	phs002539
dbGaP	phs002540
dbGaP	phs002541
dbGaP	phs002542
dbGaP	phs002543
dbGaP	phs002544
dbGaP	phs002545
dbGaP	phs002546
dbGaP	phs002548
dbGaP	phs002549
dbGaP	phs002550
dbGaP	phs002551
dbGaP	phs002552
dbGaP	phs002553
dbGaP	phs002554
dbGaP	phs002555
dbGaP	phs002556
dbGaP	phs002557
dbGaP	phs002561
dbGaP	phs002562
dbGaP	phs002563
dbGaP	phs002564
dbGaP	phs002565
dbGaP	phs002566
dbGaP	phs002567
dbGaP	phs002568
dbGaP	phs002569
dbGaP	phs002570
dbGaP	phs002571
dbGaP	phs002572
dbGaP	phs002573
dbGaP	phs002575
dbGaP	phs002576
dbGaP	phs002577
dbGaP	phs002578
dbGaP	phs002579
dbGaP	phs002580
dbGaP	phs002581
dbGaP	phs002582
dbGaP	phs002583
dbGaP	phs002584
dbGaP	phs002585
dbGaP	phs002587
dbGaP	phs002588
dbGaP	phs002597
dbGaP	phs002598
dbGaP	phs002599
dbGaP	phs002600
dbGaP	phs002601
dbGaP	phs002602
dbGaP	phs002603
dbGaP	phs002604
dbGaP	phs002607
dbGaP	phs002608
dbGaP	phs002609
dbGaP	phs002610
dbGaP	phs002612
dbGaP	phs002613
dbGaP	phs002614
dbGaP	phs002615
dbGaP	phs002616
dbGaP	phs002618
dbGaP	phs002619
dbGaP	phs002620
dbGaP	phs002621
dbGaP	phs002622
dbGaP	phs002623
dbGaP	phs002624
dbGaP	phs002625
dbGaP	phs002626
dbGaP	phs002628
dbGaP	phs002631
dbGaP	phs002632
dbGaP	phs002633
dbGaP	phs002634
dbGaP	phs002635
dbGaP	phs002636
dbGaP	phs002637
dbGaP	phs002639
dbGaP	phs002641
dbGaP	phs002642
dbGaP	phs002643
dbGaP	phs002644
dbGaP	phs002645
dbGaP	phs002647
dbGaP	phs002648
dbGaP	phs002649
dbGaP	phs002650
dbGaP	phs002651
dbGaP	phs002652
dbGaP	phs002653
dbGaP	phs002654
dbGaP	phs002655
dbGaP	phs002657
dbGaP	phs002658
dbGaP	phs002659
dbGaP	phs002660
dbGaP	phs002661
dbGaP	phs002662
dbGaP	phs002677
dbGaP	phs002678
dbGaP	phs002679
dbGaP	phs002681
dbGaP	phs002682
dbGaP	phs002683
dbGaP	phs002684
dbGaP	phs002685
dbGaP	phs002686
dbGaP	phs002687
dbGaP	phs002688
dbGaP	phs002689
dbGaP	phs002691
dbGaP	phs002692
dbGaP	phs002693
dbGaP	phs002695
dbGaP	phs002697
dbGaP	phs002698
dbGaP	phs002699
dbGaP	phs002700
dbGaP	phs002701
dbGaP	phs002702
dbGaP	phs002703
dbGaP	phs002704
dbGaP	phs002705
dbGaP	phs002706
dbGaP	phs002707
dbGaP	phs002708
dbGaP	phs002709
dbGaP	phs002712
dbGaP	phs002713
dbGaP	phs002714
dbGaP	phs002716
dbGaP	phs002717
dbGaP	phs002718
dbGaP	phs002720
dbGaP	phs002722
dbGaP	phs002723
dbGaP	phs002724
dbGaP	phs002725
dbGaP	phs002728
dbGaP	phs002729
dbGaP	phs002731
dbGaP	phs002732
dbGaP	phs002733
dbGaP	phs002734
dbGaP	phs002735
dbGaP	phs002736
dbGaP	phs002737
dbGaP	phs002738
dbGaP	phs002739
dbGaP	phs002740
dbGaP	phs002741
dbGaP	phs002742
dbGaP	phs002743
dbGaP	phs002744
dbGaP	phs002745
dbGaP	phs002746
dbGaP	phs002747
dbGaP	phs002748
dbGaP	phs002750
dbGaP	phs002753
dbGaP	phs002754
dbGaP	phs002756
dbGaP	phs002758
dbGaP	phs002759
dbGaP	phs002760
dbGaP	phs002761
dbGaP	phs002762
dbGaP	phs002763
dbGaP	phs002764
dbGaP	phs002765
dbGaP	phs002766
dbGaP	phs002767
dbGaP	phs002769
dbGaP	phs002771
dbGaP	phs002774
dbGaP	phs002775
dbGaP	phs002776
dbGaP	phs002777
dbGaP	phs002778
dbGaP	phs002780
dbGaP	phs002781
dbGaP	phs002782
dbGaP	phs002783
dbGaP	phs002786
dbGaP	phs002787
dbGaP	phs002791
dbGaP	phs002792
dbGaP	phs002793
dbGaP	phs002794
dbGaP	phs002795
dbGaP	phs002799
dbGaP	phs002800
dbGaP	phs002801
dbGaP	phs002802
dbGaP	phs002803
dbGaP	phs002804
dbGaP	phs002807
dbGaP	phs002809
dbGaP	phs002810
dbGaP	phs002811
dbGaP	phs002812
dbGaP	phs002813
dbGaP	phs002814
dbGaP	phs002815
dbGaP	phs002816
dbGaP	phs002817
dbGaP	phs002818
dbGaP	phs002819
dbGaP	phs002820
dbGaP	phs002821
dbGaP	phs002822
dbGaP	phs002825
dbGaP	phs002826
dbGaP	phs002833
dbGaP	phs002834
dbGaP	phs002835
dbGaP	phs002840
dbGaP	phs002842
dbGaP	phs002844
dbGaP	phs002845
dbGaP	phs002846
dbGaP	phs002847
dbGaP	phs002849
dbGaP	phs002851
dbGaP	phs002852
dbGaP	phs002856
dbGaP	phs002857
dbGaP	phs002858
dbGaP	phs002859
dbGaP	phs002861
dbGaP	phs002862
dbGaP	phs002863
dbGaP	phs002864
dbGaP	phs002865
dbGaP	phs002866
dbGaP	phs002867
dbGaP	phs002868
dbGaP	phs002869
dbGaP	phs002870
dbGaP	phs002871
dbGaP	phs002872
dbGaP	phs002873
dbGaP	phs002874
dbGaP	phs002875
dbGaP	phs002876
dbGaP	phs002877
dbGaP	phs002878
dbGaP	phs002879
dbGaP	phs002881
dbGaP	phs002883
dbGaP	phs002902
dbGaP	phs002903
dbGaP	phs002904
dbGaP	phs002905
dbGaP	phs002906
dbGaP	phs002914
dbGaP	phs002915
dbGaP	phs002917
dbGaP	phs002918
dbGaP	phs002920
dbGaP	phs002921
dbGaP	phs002922
dbGaP	phs002924
dbGaP	phs002925
dbGaP	phs002926
dbGaP	phs002927
dbGaP	phs002928
dbGaP	phs002929
dbGaP	phs002931
dbGaP	phs002933
dbGaP	phs002934
dbGaP	phs002935
dbGaP	phs002937
dbGaP	phs002938
dbGaP	phs002939
dbGaP	phs002940
dbGaP	phs002941
dbGaP	phs002944
dbGaP	phs002945
dbGaP	phs002946
dbGaP	phs002947
dbGaP	phs002948
dbGaP	phs002950
dbGaP	phs002951
dbGaP	phs002959
dbGaP	phs002960
dbGaP	phs002962
dbGaP	phs002964
dbGaP	phs002966
dbGaP	phs002968
dbGaP	phs002969
dbGaP	phs002970
dbGaP	phs002973
dbGaP	phs002974
dbGaP	phs002977
dbGaP	phs002978
dbGaP	phs002979
dbGaP	phs002981
dbGaP	phs002982
dbGaP	phs002983
dbGaP	phs002985
dbGaP	phs002986
dbGaP	phs002989
dbGaP	phs002990
dbGaP	phs002991
dbGaP	phs002992
dbGaP	phs002994
dbGaP	phs002996
dbGaP	phs002997
dbGaP	phs002998
dbGaP	phs002999
dbGaP	phs003000
dbGaP	phs003001
dbGaP	phs003002
dbGaP	phs003003
dbGaP	phs003005
dbGaP	phs003006
dbGaP	phs003008
dbGaP	phs003009
dbGaP	phs003010
dbGaP	phs003015
dbGaP	phs003016
dbGaP	phs003019
dbGaP	phs003020
dbGaP	phs003021
dbGaP	phs003022
dbGaP	phs003023
dbGaP	phs003024
dbGaP	phs003025
dbGaP	phs003026
dbGaP	phs003027
dbGaP	phs003029
dbGaP	phs003030
dbGaP	phs003031
dbGaP	phs003032
dbGaP	phs003033
dbGaP	phs003035
dbGaP	phs003036
dbGaP	phs003037
dbGaP	phs003038
dbGaP	phs003041
dbGaP	phs003042
dbGaP	phs003043
dbGaP	phs003046
dbGaP	phs003048
dbGaP	phs003049
dbGaP	phs003050
dbGaP	phs003051
dbGaP	phs003053
dbGaP	phs003054
dbGaP	phs003055
dbGaP	phs003056
dbGaP	phs003057
dbGaP	phs003059
dbGaP	phs003060
dbGaP	phs003062
dbGaP	phs003064
dbGaP	phs003065
dbGaP	phs003066
dbGaP	phs003067
dbGaP	phs003068
dbGaP	phs003070
dbGaP	phs003071
dbGaP	phs003072
dbGaP	phs003074
dbGaP	phs003075
dbGaP	phs003077
dbGaP	phs003079
dbGaP	phs003080
dbGaP	phs003081
dbGaP	phs003082
dbGaP	phs003083
dbGaP	phs003084
dbGaP	phs003085
dbGaP	phs003086
dbGaP	phs003090
dbGaP	phs003091
dbGaP	phs003093
dbGaP	phs003094
dbGaP	phs003095
dbGaP	phs003096
dbGaP	phs003097
dbGaP	phs003099
dbGaP	phs003100
dbGaP	phs003101
dbGaP	phs003102
dbGaP	phs003103
dbGaP	phs003105
dbGaP	phs003106
dbGaP	phs003107
dbGaP	phs003108
dbGaP	phs003109
dbGaP	phs003110
dbGaP	phs003111
dbGaP	phs003112
dbGaP	phs003113
dbGaP	phs003115
dbGaP	phs003116
dbGaP	phs003117
dbGaP	phs003118
dbGaP	phs003121
dbGaP	phs003122
dbGaP	phs003123
dbGaP	phs003124
dbGaP	phs003125
dbGaP	phs003126
dbGaP	phs003127
dbGaP	phs003128
dbGaP	phs003136
dbGaP	phs003138
dbGaP	phs003139
dbGaP	phs003140
dbGaP	phs003141
dbGaP	phs003143
dbGaP	phs003145
dbGaP	phs003146
dbGaP	phs003147
dbGaP	phs003148
dbGaP	phs003149
dbGaP	phs003150
dbGaP	phs003151
dbGaP	phs003152
dbGaP	phs003153
dbGaP	phs003154
dbGaP	phs003155
dbGaP	phs003156
dbGaP	phs003158
dbGaP	phs003159
dbGaP	phs003160
dbGaP	phs003161
dbGaP	phs003163
dbGaP	phs003164
dbGaP	phs003165
dbGaP	phs003166
dbGaP	phs003168
dbGaP	phs003169
dbGaP	phs003170
dbGaP	phs003172
dbGaP	phs003173
dbGaP	phs003174
dbGaP	phs003175
dbGaP	phs003177
dbGaP	phs003178
dbGaP	phs003179
dbGaP	phs003180
dbGaP	phs003182
dbGaP	phs003183
dbGaP	phs003185
dbGaP	phs003186
dbGaP	phs003187
dbGaP	phs003188
dbGaP	phs003189
dbGaP	phs003190
dbGaP	phs003191
dbGaP	phs003192
dbGaP	phs003194
dbGaP	phs003195
dbGaP	phs003196
dbGaP	phs003197
dbGaP	phs003198
dbGaP	phs003199
dbGaP	phs003201
dbGaP	phs003203
dbGaP	phs003204
dbGaP	phs003207
dbGaP	phs003208
dbGaP	phs003209
dbGaP	phs003210
dbGaP	phs003211
dbGaP	phs003213
dbGaP	phs003214
dbGaP	phs003215
dbGaP	phs003216
dbGaP	phs003217
dbGaP	phs003218
dbGaP	phs003219
dbGaP	phs003220
dbGaP	phs003221
dbGaP	phs003223
dbGaP	phs003225
dbGaP	phs003226
dbGaP	phs003227
dbGaP	phs003228
dbGaP	phs003229
dbGaP	phs003230
dbGaP	phs003233
dbGaP	phs003234
dbGaP	phs003235
dbGaP	phs003237
dbGaP	phs003238
dbGaP	phs003239
dbGaP	phs003240
dbGaP	phs003242
dbGaP	phs003243
dbGaP	phs003245
dbGaP	phs003246
dbGaP	phs003249
dbGaP	phs003250
dbGaP	phs003251
dbGaP	phs003252
dbGaP	phs003253
dbGaP	phs003255
dbGaP	phs003256
dbGaP	phs003257
dbGaP	phs003260
dbGaP	phs003261
dbGaP	phs003268
dbGaP	phs003269
dbGaP	phs003270
dbGaP	phs003271
dbGaP	phs003272
dbGaP	phs003273
dbGaP	phs003274
dbGaP	phs003275
dbGaP	phs003277
dbGaP	phs003278
dbGaP	phs003279
dbGaP	phs003280
dbGaP	phs003281
dbGaP	phs003282
dbGaP	phs003283
dbGaP	phs003284
dbGaP	phs003285
dbGaP	phs003286
dbGaP	phs003287
dbGaP	phs003290
dbGaP	phs003291
dbGaP	phs003292
dbGaP	phs003294
dbGaP	phs003295
dbGaP	phs003297
dbGaP	phs003298
dbGaP	phs003299
dbGaP	phs003300
dbGaP	phs003302
dbGaP	phs003303
dbGaP	phs003304
dbGaP	phs003305
dbGaP	phs003306
dbGaP	phs003307
dbGaP	phs003308
dbGaP	phs003309
dbGaP	phs003310
dbGaP	phs003312
dbGaP	phs003313
dbGaP	phs003314
dbGaP	phs003315
dbGaP	phs003316
dbGaP	phs003317
dbGaP	phs003318
dbGaP	phs003319
dbGaP	phs003320
dbGaP	phs003321
dbGaP	phs003322
dbGaP	phs003324
dbGaP	phs003325
dbGaP	phs003326
dbGaP	phs003327
dbGaP	phs003328
dbGaP	phs003329
dbGaP	phs003330
dbGaP	phs003338
dbGaP	phs003341
dbGaP	phs003342
dbGaP	phs003343
dbGaP	phs003344
dbGaP	phs003346
dbGaP	phs003348
dbGaP	phs003349
dbGaP	phs003350
dbGaP	phs003351
dbGaP	phs003356
dbGaP	phs003357
dbGaP	phs003358
dbGaP	phs003359
dbGaP	phs003360
dbGaP	phs003361
dbGaP	phs003362
dbGaP	phs003364
dbGaP	phs003365
dbGaP	phs003366
dbGaP	phs003368
dbGaP	phs003369
dbGaP	phs003370
dbGaP	phs003371
dbGaP	phs003373
dbGaP	phs003374
dbGaP	phs003375
dbGaP	phs003376
dbGaP	phs003377
dbGaP	phs003378
dbGaP	phs003379
dbGaP	phs003381
dbGaP	phs003382
dbGaP	phs003383
dbGaP	phs003385
dbGaP	phs003386
dbGaP	phs003387
dbGaP	phs003388
dbGaP	phs003389
dbGaP	phs003390
dbGaP	phs003392
dbGaP	phs003394
dbGaP	phs003395
dbGaP	phs003396
dbGaP	phs003397
dbGaP	phs003398
dbGaP	phs003399
dbGaP	phs003400
dbGaP	phs003402
dbGaP	phs003403
dbGaP	phs003404
dbGaP	phs003406
dbGaP	phs003407
dbGaP	phs003408
dbGaP	phs003409
dbGaP	phs003410
dbGaP	phs003411
dbGaP	phs003412
dbGaP	phs003413
dbGaP	phs003415
dbGaP	phs003416
dbGaP	phs003417
dbGaP	phs003418
dbGaP	phs003420
dbGaP	phs003422
dbGaP	phs003425
dbGaP	phs003427
dbGaP	phs003428
dbGaP	phs003429
dbGaP	phs003431
dbGaP	phs003432
dbGaP	phs003435
dbGaP	phs003436
dbGaP	phs003437
dbGaP	phs003438
dbGaP	phs003442
dbGaP	phs003445
dbGaP	phs003446
dbGaP	phs003447
dbGaP	phs003448
dbGaP	phs003451
dbGaP	phs003452
dbGaP	phs003453
dbGaP	phs003454
dbGaP	phs003455
dbGaP	phs003456
dbGaP	phs003457
dbGaP	phs003458
dbGaP	phs003459
dbGaP	phs003460
dbGaP	phs003462
dbGaP	phs003464
dbGaP	phs003466
dbGaP	phs003468
dbGaP	phs003469
dbGaP	phs003473
dbGaP	phs003474
dbGaP	phs003475
dbGaP	phs003476
dbGaP	phs003477
dbGaP	phs003479
dbGaP	phs003480
dbGaP	phs003482
dbGaP	phs003484
dbGaP	phs003485
dbGaP	phs003486
dbGaP	phs003489
dbGaP	phs003490
dbGaP	phs003495
dbGaP	phs003496
dbGaP	phs003497
dbGaP	phs003500
dbGaP	phs003501
dbGaP	phs003502
dbGaP	phs003503
dbGaP	phs003504
dbGaP	phs003505
dbGaP	phs003507
dbGaP	phs003508
dbGaP	phs003509
dbGaP	phs003511
dbGaP	phs003512
dbGaP	phs003514
dbGaP	phs003515
dbGaP	phs003516
dbGaP	phs003517
dbGaP	phs003519
dbGaP	phs003521
dbGaP	phs003522
dbGaP	phs003530
dbGaP	phs003531
dbGaP	phs003532
dbGaP	phs003535
dbGaP	phs003538
dbGaP	phs003541
dbGaP	phs003544
dbGaP	phs003545
dbGaP	phs003546
dbGaP	phs003550
dbGaP	phs003553
dbGaP	phs003556
dbGaP	phs003558
dbGaP	phs003560
dbGaP	phs003561
dbGaP	phs003563
dbGaP	phs003564
dbGaP	phs003567
dbGaP	phs003568
dbGaP	phs003569
dbGaP	phs003570
dbGaP	phs003574
dbGaP	phs003576
dbGaP	phs003579
dbGaP	phs003580
dbGaP	phs003581
dbGaP	phs003582
dbGaP	phs003586
dbGaP	phs003587
dbGaP	phs003588
dbGaP	phs003590
dbGaP	phs003591
dbGaP	phs003595
dbGaP	phs003597
dbGaP	phs003600
dbGaP	phs003601
dbGaP	phs003603
dbGaP	phs003604
dbGaP	phs003607
dbGaP	phs003609
dbGaP	phs003610
dbGaP	phs003613
dbGaP	phs003615
dbGaP	phs003618
dbGaP	phs003619
dbGaP	phs003620
dbGaP	phs003623
dbGaP	phs003627
dbGaP	phs003629
dbGaP	phs003630
dbGaP	phs003632
dbGaP	phs003633
dbGaP	phs003634
dbGaP	phs003638
dbGaP	phs003640
dbGaP	phs003641
dbGaP	phs003642
dbGaP	phs003644
dbGaP	phs003645
dbGaP	phs003647
dbGaP	phs003648
dbGaP	phs003649
dbGaP	phs003655
dbGaP	phs003657
dbGaP	phs003658
dbGaP	phs003659
dbGaP	phs003660
dbGaP	phs003662
dbGaP	phs003670
dbGaP	phs003671
dbGaP	phs003673
dbGaP	phs003674
dbGaP	phs003676
dbGaP	phs003678
dbGaP	phs003679
dbGaP	phs003680
dbGaP	phs003682
dbGaP	phs003683
dbGaP	phs003686
dbGaP	phs003687
dbGaP	phs003688
dbGaP	phs003689
dbGaP	phs003691
dbGaP	phs003692
dbGaP	phs003694
dbGaP	phs003697
dbGaP	phs003700
dbGaP	phs003701
dbGaP	phs003704
dbGaP	phs003705
dbGaP	phs003706
dbGaP	phs003707
dbGaP	phs003709
dbGaP	phs003710
dbGaP	phs003712
dbGaP	phs003713
dbGaP	phs003715
dbGaP	phs003716
dbGaP	phs003717
dbGaP	phs003718
dbGaP	phs003720
dbGaP	phs003721
dbGaP	phs003723
dbGaP	phs003724
dbGaP	phs003725
dbGaP	phs003727
dbGaP	phs003728
dbGaP	phs003729
dbGaP	phs003741
dbGaP	phs003742
dbGaP	phs003745
dbGaP	phs003746
dbGaP	phs003748
dbGaP	phs003749
dbGaP	phs003750
dbGaP	phs003751
dbGaP	phs003754
dbGaP	phs003755
dbGaP	phs003756
dbGaP	phs003757
dbGaP	phs003758
dbGaP	phs003759
dbGaP	phs003760
dbGaP	phs003762
dbGaP	phs003766
dbGaP	phs003767
dbGaP	phs003770
dbGaP	phs003771
dbGaP	phs003772
dbGaP	phs003775
dbGaP	phs003776
dbGaP	phs003778
dbGaP	phs003779
dbGaP	phs003780
dbGaP	phs003781
dbGaP	phs003786
dbGaP	phs003787
dbGaP	phs003789
dbGaP	phs003790
dbGaP	phs003792
dbGaP	phs003793
dbGaP	phs003798
dbGaP	phs003799
dbGaP	phs003800
dbGaP	phs003801
dbGaP	phs003803
dbGaP	phs003804
dbGaP	phs003806
dbGaP	phs003807
dbGaP	phs003809
dbGaP	phs003812
dbGaP	phs003814
dbGaP	phs003816
dbGaP	phs003818
dbGaP	phs003820
dbGaP	phs003822
dbGaP	phs003824
dbGaP	phs003825
dbGaP	phs003826
dbGaP	phs003827
dbGaP	phs003830
dbGaP	phs003833
dbGaP	phs003835
dbGaP	phs003836
dbGaP	phs003837
dbGaP	phs003839
dbGaP	phs003841
dbGaP	phs003844
dbGaP	phs003845
dbGaP	phs003846
dbGaP	phs003848
dbGaP	phs003849
dbGaP	phs003851
dbGaP	phs003853
dbGaP	phs003855
dbGaP	phs003858
dbGaP	phs003860
dbGaP	phs003862
dbGaP	phs003863
dbGaP	phs003864
dbGaP	phs003865
dbGaP	phs003868
dbGaP	phs003869
dbGaP	phs003870
dbGaP	phs003871
dbGaP	phs003872
dbGaP	phs003873
dbGaP	phs003876
dbGaP	phs003878
dbGaP	phs003879
dbGaP	phs003880
dbGaP	phs003883
dbGaP	phs003884
dbGaP	phs003885
dbGaP	phs003886
dbGaP	phs003887
dbGaP	phs003888
dbGaP	phs003889
dbGaP	phs003892
dbGaP	phs003895
dbGaP	phs003897
dbGaP	phs003898
dbGaP	phs003899
dbGaP	phs003900
dbGaP	phs003901
dbGaP	phs003902
dbGaP	phs003906
dbGaP	phs003907
dbGaP	phs003908
dbGaP	phs003913
dbGaP	phs003914
dbGaP	phs003915
dbGaP	phs003917
dbGaP	phs003919
dbGaP	phs003920
dbGaP	phs003921
dbGaP	phs003922
dbGaP	phs003924
dbGaP	phs003925
dbGaP	phs003926
dbGaP	phs003929
dbGaP	phs003930
dbGaP	phs003932
dbGaP	phs003933
dbGaP	phs003936
dbGaP	phs003938
dbGaP	phs003940
dbGaP	phs003941
dbGaP	phs003943
dbGaP	phs003944
dbGaP	phs003945
dbGaP	phs003946
dbGaP	phs003947
dbGaP	phs003948
dbGaP	phs003949
dbGaP	phs003954
dbGaP	phs003955
dbGaP	phs003958
dbGaP	phs003959
dbGaP	phs003961
dbGaP	phs003962
dbGaP	phs003963
dbGaP	phs003965
dbGaP	phs003966
dbGaP	phs003968
dbGaP	phs003970
dbGaP	phs003976
dbGaP	phs003977
dbGaP	phs003979
dbGaP	phs003980
dbGaP	phs003981
dbGaP	phs003982
dbGaP	phs003985
dbGaP	phs003988
dbGaP	phs003994
dbGaP	phs003995
dbGaP	phs003997
dbGaP	phs003999
dbGaP	phs004002
dbGaP	phs004003
dbGaP	phs004006
dbGaP	phs004007
dbGaP	phs004008
dbGaP	phs004009
dbGaP	phs004010
dbGaP	phs004011
dbGaP	phs004012
dbGaP	phs004013
dbGaP	phs004018
dbGaP	phs004019
dbGaP	phs004020
dbGaP	phs004021
dbGaP	phs004022
dbGaP	phs004023
dbGaP	phs004024
dbGaP	phs004031
dbGaP	phs004032
dbGaP	phs004033
dbGaP	phs004036
dbGaP	phs004037
dbGaP	phs004038
dbGaP	phs004041
dbGaP	phs004042
dbGaP	phs004043
dbGaP	phs004044
dbGaP	phs004046
dbGaP	phs004049
dbGaP	phs004051
dbGaP	phs004052
dbGaP	phs004053
dbGaP	phs004055
dbGaP	phs004063
dbGaP	phs004065
dbGaP	phs004067
dbGaP	phs004070
dbGaP	phs004071
dbGaP	phs004072
dbGaP	phs004075
dbGaP	phs004076
dbGaP	phs004077
dbGaP	phs004078
dbGaP	phs004080
dbGaP	phs004081
dbGaP	phs004085
dbGaP	phs004087
dbGaP	phs004091
dbGaP	phs004095
dbGaP	phs004098
dbGaP	phs004100
dbGaP	phs004102
dbGaP	phs004103
dbGaP	phs004104
dbGaP	phs004105
dbGaP	phs004109
dbGaP	phs004112
dbGaP	phs004114
dbGaP	phs004115
dbGaP	phs004117
dbGaP	phs004123
dbGaP	phs004124
dbGaP	phs004130
dbGaP	phs004165
dbGaP	phs004166
dbGaP	phs004168
dbGaP	phs004171
dbGaP	phs004172
dbGaP	phs004173
dbGaP	phs004176
dbGaP	phs004178
dbGaP	phs004180
dbGaP	phs004182
dbGaP	phs004183
dbGaP	phs004185
dbGaP	phs004187
dbGaP	phs004188
dbGaP	phs004189
dbGaP	phs004195
dbGaP	phs004203
dbGaP	phs004223
dbGaP	phs004230
dbGaP	phs004253
dbGaP	phs004254
dbGaP	phs004258
dbGaP	phs004267
dbGaP	phs004268
dbGaP	phs004269
dbGaP	phs004275
dbGaP	phs004276
dbGaP	phs004279
dbGaP	phs004294
dbGaP	phs004310
dbGaP	phs004313
dbGaP	phs004314
dbGaP	phs004337
dbGaP	phs004343
dbGaP	phs004345
dbGaP	phs004346
dbGaP	phs004377
dbGaP	phs004382
dbGaP	phs004388
dbGaP	phs004408
KFDRC	phs000465
KFDRC	phs000467
KFDRC	phs001110
KFDRC	phs001138
KFDRC	phs001168
KFDRC	phs001178
KFDRC	phs001228
KFDRC	phs001247
KFDRC	phs001410
KFDRC	phs001420
KFDRC	phs001436
KFDRC	phs001683
KFDRC	phs001714
KFDRC	phs001738
KFDRC	phs001785
KFDRC	phs001806
KFDRC	phs001846
KFDRC	phs001987
KFDRC	phs001997
KFDRC	phs002130
KFDRC	phs002161
KFDRC	phs002162
KFDRC	phs002172
KFDRC	phs002173
KFDRC	phs002174
KFDRC	phs002187
KFDRC	phs002276
KFDRC	phs002322
KFDRC	phs002330
KFDRC	phs002330
KFDRC	phs002330
KFDRC	phs002330
KFDRC	phs002517
KFDRC	phs002589
KFDRC	phs002590
KFDRC	phs002591
KFDRC	phs002592
KFDRC	phs002594
KFDRC	phs002595
KFDRC	phs002627
